<?xml version="1.0" encoding="UTF-8"?>
<!-- Copyright (c) 2020 Roku, Inc. All rights reserved. -->

<component name="RowListItemComponent" extends="Group" xsi:noNamespaceSchemaLocation="https://devtools.web.roku.com/schema/RokuSceneGraph.xsd">
    <interface>
      <field id="itemContent" type="node" onChange="OnContentSet" />
    </interface>
    <script type="text/brightscript" uri="RowListItemComponent.brs" />
    <children>
        <!-- Set loadWidth/loadHeight and loadDisplayMode for better performance -->
        
        
        <Poster
            id="poster"
            loadDisplayMode="scaleToFill"
            width="320"
            height="200"
            loadWidth="320"
            loadHeight="200">
            
            <ScrollingLabel id="itemText"
            horizAlign="left" 
            translation="[10,165]"
            font="font:MediumSystemFont"
            vertAlign="center"
            maxWidth = "280"
            scaleRotateCenter = "[180.0,150.0]"
        />
        </Poster>
        
    </children>
</component>
