<?xml version = "1.0" encoding = "utf-8" ?>

<!--********** Copyright 2016 Roku Corp.  All Rights Reserved. **********-->

<component name = "topmenuitem" extends = "Group" >
 
  <interface> 
    <field id = "itemContent" type = "node" onChange = "showcontent"/>
    <field id = "focusPercent" type = "float" onChange = "showfocus"/> 
  </interface>
 
  <script type = "text/brightscript" >

    <![CDATA[

    sub init()

      m.itemposter = m.top.findNode("itemPoster") 
      'm.itemmask = m.top.findNode("itemMask")
      'm.itemlabel = m.top.findNode("itemLabel")
    end sub

    sub showcontent()
      itemcontent = m.top.itemContent
      m.itemposter.uri = itemcontent.hdgridposterurl
      'm.itemlabel.text = itemcontent.title
    end sub

    sub showfocus()
     itemcontent = m.top.itemContent
      'scale = 1 + (m.top.focusPercent * 0.08)
      if m.top.focusPercent > 0.5
      m.itemposter.uri = itemcontent.hdposterurl
      else
      m.itemposter.uri = itemcontent.hdgridposterurl
      end if
    end sub

    ]]>

  </script>

  <children >
  <Poster 
      id = "itemPoster" 
      translation = "[ 0, 0 ]" 
      width = "200" 
      height = "75" 
   >
  <Label
       id = "itemLabel"
       translation = "[ 0, 0 ]" 
       text = ""
       font="font:SmallestSystemFont"
       width = "200"
	   height = "50"
	   horizAlign = "center"
       vertAlign = "center"
       wrap = "false"
       />

<!--       <Rectangle 
        id = "itemMask" 
        width = "80" 
        height = "80" 
        scaleRotateCenter = "[ 256.0, 144.0 ]" 
        color = "0x101010FF" 
        opacity = "0.75" /> -->

    </Poster>

  </children>

</component>
